"event_center_id","fiestas_list","ranking","nombre_centro","descripcion_centro","imagen_centro"
"2","10","5","nombre centro eventos 2","Esta es una rumba buenísmia me encanta, tanto que tiene 5 estrellas una descripción excelente de como funcionaría, no creo que nada tenga descripción porque cómo se supone que eso se logre?","https://support.content.office.net/es-es/media/2c8399b3-5194-4b4a-ad9c-04405673f8c2.jpg"
"3","65","5","nombre centro eventos 3","Esta es una rumba buenísmia me encanta, tanto que tiene 5 estrellas una descripción excelente de como funcionaría, no creo que nada tenga descripción porque cómo se supone que eso se logre?","https://support.content.office.net/es-es/media/2c8399b3-5194-4b4a-ad9c-04405673f8c2.jpg"
"8","48","5","nombre centro eventos 8","Esta es una rumba buenísmia me encanta, tanto que tiene 5 estrellas una descripción excelente de como funcionaría, no creo que nada tenga descripción porque cómo se supone que eso se logre?","https://support.content.office.net/es-es/media/2c8399b3-5194-4b4a-ad9c-04405673f8c2.jpg"
"9","99","5","nombre centro eventos 9","Esta es una rumba buenísmia me encanta, tanto que tiene 5 estrellas una descripción excelente de como funcionaría, no creo que nada tenga descripción porque cómo se supone que eso se logre?","https://support.content.office.net/es-es/media/2c8399b3-5194-4b4a-ad9c-04405673f8c2.jpg"
"12","57","5","nombre centro eventos 12","Esta es una rumba buenísmia me encanta, tanto que tiene 5 estrellas una descripción excelente de como funcionaría, no creo que nada tenga descripción porque cómo se supone que eso se logre?","https://support.content.office.net/es-es/media/2c8399b3-5194-4b4a-ad9c-04405673f8c2.jpg"
"19","48","5","nombre centro eventos 19","Esta es una rumba buenísmia me encanta, tanto que tiene 5 estrellas una descripción excelente de como funcionaría, no creo que nada tenga descripción porque cómo se supone que eso se logre?","https://support.content.office.net/es-es/media/2c8399b3-5194-4b4a-ad9c-04405673f8c2.jpg"
"21","17","5","nombre centro eventos 21","Esta es una rumba buenísmia me encanta, tanto que tiene 5 estrellas una descripción excelente de como funcionaría, no creo que nada tenga descripción porque cómo se supone que eso se logre?","https://support.content.office.net/es-es/media/2c8399b3-5194-4b4a-ad9c-04405673f8c2.jpg"
"27","86","5","nombre centro eventos 27","Esta es una rumba buenísmia me encanta, tanto que tiene 5 estrellas una descripción excelente de como funcionaría, no creo que nada tenga descripción porque cómo se supone que eso se logre?","https://support.content.office.net/es-es/media/2c8399b3-5194-4b4a-ad9c-04405673f8c2.jpg"
"28","23","5","nombre centro eventos 28","Esta es una rumba buenísmia me encanta, tanto que tiene 5 estrellas una descripción excelente de como funcionaría, no creo que nada tenga descripción porque cómo se supone que eso se logre?","https://support.content.office.net/es-es/media/2c8399b3-5194-4b4a-ad9c-04405673f8c2.jpg"
"45","85","5","nombre centro eventos 45","Esta es una rumba buenísmia me encanta, tanto que tiene 5 estrellas una descripción excelente de como funcionaría, no creo que nada tenga descripción porque cómo se supone que eso se logre?","https://support.content.office.net/es-es/media/2c8399b3-5194-4b4a-ad9c-04405673f8c2.jpg"
"46","78","5","nombre centro eventos 46","Esta es una rumba buenísmia me encanta, tanto que tiene 5 estrellas una descripción excelente de como funcionaría, no creo que nada tenga descripción porque cómo se supone que eso se logre?","https://support.content.office.net/es-es/media/2c8399b3-5194-4b4a-ad9c-04405673f8c2.jpg"
"50","86","5","nombre centro eventos 50","Esta es una rumba buenísmia me encanta, tanto que tiene 5 estrellas una descripción excelente de como funcionaría, no creo que nada tenga descripción porque cómo se supone que eso se logre?","https://support.content.office.net/es-es/media/2c8399b3-5194-4b4a-ad9c-04405673f8c2.jpg"
"20","56","1","nombre centro eventos 20","Estos bares son una shit","https://s3.amazonaws.com/cdn.wp.m4ecmx/wp-content/uploads/2019/09/09162546/imagen-vectorial-compressor.jpg"
"30","24","1","nombre centro eventos 30","Estos bares son una shit","https://s3.amazonaws.com/cdn.wp.m4ecmx/wp-content/uploads/2019/09/09162546/imagen-vectorial-compressor.jpg"
"34","98","1","nombre centro eventos 34","Estos bares son una shit","https://s3.amazonaws.com/cdn.wp.m4ecmx/wp-content/uploads/2019/09/09162546/imagen-vectorial-compressor.jpg"
"41","53","1","nombre centro eventos 41","Estos bares son una shit","https://s3.amazonaws.com/cdn.wp.m4ecmx/wp-content/uploads/2019/09/09162546/imagen-vectorial-compressor.jpg"
"42","78","1","nombre centro eventos 42","Estos bares son una shit","https://s3.amazonaws.com/cdn.wp.m4ecmx/wp-content/uploads/2019/09/09162546/imagen-vectorial-compressor.jpg"
"13","45","4","nombre centro eventos 13","Este es de mis bares confort, el precio está bien, i mean no es wow pero la fiesta la da completamente ","https://www.brildor.com/blog/wp-content/uploads/2014/12/cabecera-como-saber-foto-digital-suficiente-calidad-impresion-1024x581.jpg"
"38","16","4","nombre centro eventos 38","Este es de mis bares confort, el precio está bien, i mean no es wow pero la fiesta la da completamente ","https://www.brildor.com/blog/wp-content/uploads/2014/12/cabecera-como-saber-foto-digital-suficiente-calidad-impresion-1024x581.jpg"
"40","31","4","nombre centro eventos 40","Este es de mis bares confort, el precio está bien, i mean no es wow pero la fiesta la da completamente ","https://www.brildor.com/blog/wp-content/uploads/2014/12/cabecera-como-saber-foto-digital-suficiente-calidad-impresion-1024x581.jpg"
"52","94","5","nombre centro eventos 52","Esta es una rumba buenísmia me encanta, tanto que tiene 5 estrellas una descripción excelente de como funcionaría, no creo que nada tenga descripción porque cómo se supone que eso se logre?","https://support.content.office.net/es-es/media/2c8399b3-5194-4b4a-ad9c-04405673f8c2.jpg"
"60","91","5","nombre centro eventos 60","Esta es una rumba buenísmia me encanta, tanto que tiene 5 estrellas una descripción excelente de como funcionaría, no creo que nada tenga descripción porque cómo se supone que eso se logre?","https://support.content.office.net/es-es/media/2c8399b3-5194-4b4a-ad9c-04405673f8c2.jpg"
"61","9","5","nombre centro eventos 61","Esta es una rumba buenísmia me encanta, tanto que tiene 5 estrellas una descripción excelente de como funcionaría, no creo que nada tenga descripción porque cómo se supone que eso se logre?","https://support.content.office.net/es-es/media/2c8399b3-5194-4b4a-ad9c-04405673f8c2.jpg"
"63","89","5","nombre centro eventos 63","Esta es una rumba buenísmia me encanta, tanto que tiene 5 estrellas una descripción excelente de como funcionaría, no creo que nada tenga descripción porque cómo se supone que eso se logre?","https://support.content.office.net/es-es/media/2c8399b3-5194-4b4a-ad9c-04405673f8c2.jpg"
"71","99","5","nombre centro eventos 71","Esta es una rumba buenísmia me encanta, tanto que tiene 5 estrellas una descripción excelente de como funcionaría, no creo que nada tenga descripción porque cómo se supone que eso se logre?","https://support.content.office.net/es-es/media/2c8399b3-5194-4b4a-ad9c-04405673f8c2.jpg"
"76","94","5","nombre centro eventos 76","Esta es una rumba buenísmia me encanta, tanto que tiene 5 estrellas una descripción excelente de como funcionaría, no creo que nada tenga descripción porque cómo se supone que eso se logre?","https://support.content.office.net/es-es/media/2c8399b3-5194-4b4a-ad9c-04405673f8c2.jpg"
"79","64","5","nombre centro eventos 79","Esta es una rumba buenísmia me encanta, tanto que tiene 5 estrellas una descripción excelente de como funcionaría, no creo que nada tenga descripción porque cómo se supone que eso se logre?","https://support.content.office.net/es-es/media/2c8399b3-5194-4b4a-ad9c-04405673f8c2.jpg"
"92","60","5","nombre centro eventos 92","Esta es una rumba buenísmia me encanta, tanto que tiene 5 estrellas una descripción excelente de como funcionaría, no creo que nada tenga descripción porque cómo se supone que eso se logre?","https://support.content.office.net/es-es/media/2c8399b3-5194-4b4a-ad9c-04405673f8c2.jpg"
"95","47","5","nombre centro eventos 95","Esta es una rumba buenísmia me encanta, tanto que tiene 5 estrellas una descripción excelente de como funcionaría, no creo que nada tenga descripción porque cómo se supone que eso se logre?","https://support.content.office.net/es-es/media/2c8399b3-5194-4b4a-ad9c-04405673f8c2.jpg"
"67","77","4","nombre centro eventos 67","Este es de mis bares confort, el precio está bien, i mean no es wow pero la fiesta la da completamente ","https://www.brildor.com/blog/wp-content/uploads/2014/12/cabecera-como-saber-foto-digital-suficiente-calidad-impresion-1024x581.jpg"
"68","88","4","nombre centro eventos 68","Este es de mis bares confort, el precio está bien, i mean no es wow pero la fiesta la da completamente ","https://www.brildor.com/blog/wp-content/uploads/2014/12/cabecera-como-saber-foto-digital-suficiente-calidad-impresion-1024x581.jpg"
"56","3","3","nombre centro eventos 56","una descripción excelente de como funcionaría, no creo que nada tenga descripción porque cómo se supone que eso se logre?","https://s3.amazonaws.com/cdn.wp.m4ecmx/wp-content/uploads/2019/09/09162546/imagen-vectorial-compressor.jpg"
"57","38","3","nombre centro eventos 57","una descripción excelente de como funcionaría, no creo que nada tenga descripción porque cómo se supone que eso se logre?","https://s3.amazonaws.com/cdn.wp.m4ecmx/wp-content/uploads/2019/09/09162546/imagen-vectorial-compressor.jpg"
"62","17","3","nombre centro eventos 62","una descripción excelente de como funcionaría, no creo que nada tenga descripción porque cómo se supone que eso se logre?","https://s3.amazonaws.com/cdn.wp.m4ecmx/wp-content/uploads/2019/09/09162546/imagen-vectorial-compressor.jpg"
"75","76","3","nombre centro eventos 75","una descripción excelente de como funcionaría, no creo que nada tenga descripción porque cómo se supone que eso se logre?","https://s3.amazonaws.com/cdn.wp.m4ecmx/wp-content/uploads/2019/09/09162546/imagen-vectorial-compressor.jpg"
"80","2","3","nombre centro eventos 80","una descripción excelente de como funcionaría, no creo que nada tenga descripción porque cómo se supone que eso se logre?","https://s3.amazonaws.com/cdn.wp.m4ecmx/wp-content/uploads/2019/09/09162546/imagen-vectorial-compressor.jpg"
"82","18","3","nombre centro eventos 82","una descripción excelente de como funcionaría, no creo que nada tenga descripción porque cómo se supone que eso se logre?","https://s3.amazonaws.com/cdn.wp.m4ecmx/wp-content/uploads/2019/09/09162546/imagen-vectorial-compressor.jpg"
"85","25","3","nombre centro eventos 85","una descripción excelente de como funcionaría, no creo que nada tenga descripción porque cómo se supone que eso se logre?","https://s3.amazonaws.com/cdn.wp.m4ecmx/wp-content/uploads/2019/09/09162546/imagen-vectorial-compressor.jpg"
"94","15","3","nombre centro eventos 94","una descripción excelente de como funcionaría, no creo que nada tenga descripción porque cómo se supone que eso se logre?","https://s3.amazonaws.com/cdn.wp.m4ecmx/wp-content/uploads/2019/09/09162546/imagen-vectorial-compressor.jpg"
"1","46","3","nombre centro eventos 1","una descripción excelente de como funcionaría, no creo que nada tenga descripción porque cómo se supone que eso se logre?","https://s3.amazonaws.com/cdn.wp.m4ecmx/wp-content/uploads/2019/09/09162546/imagen-vectorial-compressor.jpg"
"58","33","1","nombre centro eventos 58","Estos bares son una shit","https://s3.amazonaws.com/cdn.wp.m4ecmx/wp-content/uploads/2019/09/09162546/imagen-vectorial-compressor.jpg"
"10","7","2","nombre centro eventos 10","Estos bares son medio malos pero pues si ya estás muy tomado terminas por acá","https://s3.amazonaws.com/cdn.wp.m4ecmx/wp-content/uploads/2019/09/09162546/imagen-vectorial-compressor.jpg"
"11","74","2","nombre centro eventos 11","Estos bares son medio malos pero pues si ya estás muy tomado terminas por acá","https://s3.amazonaws.com/cdn.wp.m4ecmx/wp-content/uploads/2019/09/09162546/imagen-vectorial-compressor.jpg"
"22","74","2","nombre centro eventos 22","Estos bares son medio malos pero pues si ya estás muy tomado terminas por acá","https://s3.amazonaws.com/cdn.wp.m4ecmx/wp-content/uploads/2019/09/09162546/imagen-vectorial-compressor.jpg"
"24","69","2","nombre centro eventos 24","Estos bares son medio malos pero pues si ya estás muy tomado terminas por acá","https://s3.amazonaws.com/cdn.wp.m4ecmx/wp-content/uploads/2019/09/09162546/imagen-vectorial-compressor.jpg"
"14","31","5","nombre centro eventos 14","Esta es una rumba buenísmia me encanta, tanto que tiene 5 estrellas una descripción excelente de como funcionaría, no creo que nada tenga descripción porque cómo se supone que eso se logre?","https://support.content.office.net/es-es/media/2c8399b3-5194-4b4a-ad9c-04405673f8c2.jpg"
"15","38","5","nombre centro eventos 15","Esta es una rumba buenísmia me encanta, tanto que tiene 5 estrellas una descripción excelente de como funcionaría, no creo que nada tenga descripción porque cómo se supone que eso se logre?","https://support.content.office.net/es-es/media/2c8399b3-5194-4b4a-ad9c-04405673f8c2.jpg"
"16","55","5","nombre centro eventos 16","Esta es una rumba buenísmia me encanta, tanto que tiene 5 estrellas una descripción excelente de como funcionaría, no creo que nada tenga descripción porque cómo se supone que eso se logre?","https://support.content.office.net/es-es/media/2c8399b3-5194-4b4a-ad9c-04405673f8c2.jpg"
"17","46","5","nombre centro eventos 17","Esta es una rumba buenísmia me encanta, tanto que tiene 5 estrellas una descripción excelente de como funcionaría, no creo que nada tenga descripción porque cómo se supone que eso se logre?","https://support.content.office.net/es-es/media/2c8399b3-5194-4b4a-ad9c-04405673f8c2.jpg"
"18","87","5","nombre centro eventos 18","Esta es una rumba buenísmia me encanta, tanto que tiene 5 estrellas una descripción excelente de como funcionaría, no creo que nada tenga descripción porque cómo se supone que eso se logre?","https://support.content.office.net/es-es/media/2c8399b3-5194-4b4a-ad9c-04405673f8c2.jpg"
"59","18","2","nombre centro eventos 59","Estos bares son medio malos pero pues si ya estás muy tomado terminas por acá","https://s3.amazonaws.com/cdn.wp.m4ecmx/wp-content/uploads/2019/09/09162546/imagen-vectorial-compressor.jpg"
"65","44","2","nombre centro eventos 65","Estos bares son medio malos pero pues si ya estás muy tomado terminas por acá","https://s3.amazonaws.com/cdn.wp.m4ecmx/wp-content/uploads/2019/09/09162546/imagen-vectorial-compressor.jpg"
"69","91","2","nombre centro eventos 69","Estos bares son medio malos pero pues si ya estás muy tomado terminas por acá","https://s3.amazonaws.com/cdn.wp.m4ecmx/wp-content/uploads/2019/09/09162546/imagen-vectorial-compressor.jpg"
"70","46","2","nombre centro eventos 70","Estos bares son medio malos pero pues si ya estás muy tomado terminas por acá","https://s3.amazonaws.com/cdn.wp.m4ecmx/wp-content/uploads/2019/09/09162546/imagen-vectorial-compressor.jpg"
"73","97","2","nombre centro eventos 73","Estos bares son medio malos pero pues si ya estás muy tomado terminas por acá","https://s3.amazonaws.com/cdn.wp.m4ecmx/wp-content/uploads/2019/09/09162546/imagen-vectorial-compressor.jpg"
"74","88","2","nombre centro eventos 74","Estos bares son medio malos pero pues si ya estás muy tomado terminas por acá","https://s3.amazonaws.com/cdn.wp.m4ecmx/wp-content/uploads/2019/09/09162546/imagen-vectorial-compressor.jpg"
"51","43","4","nombre centro eventos 51","Este es de mis bares confort, el precio está bien, i mean no es wow pero la fiesta la da completamente ","https://www.brildor.com/blog/wp-content/uploads/2014/12/cabecera-como-saber-foto-digital-suficiente-calidad-impresion-1024x581.jpg"
"64","36","4","nombre centro eventos 64","Este es de mis bares confort, el precio está bien, i mean no es wow pero la fiesta la da completamente ","https://www.brildor.com/blog/wp-content/uploads/2014/12/cabecera-como-saber-foto-digital-suficiente-calidad-impresion-1024x581.jpg"
"77","27","4","nombre centro eventos 77","Este es de mis bares confort, el precio está bien, i mean no es wow pero la fiesta la da completamente ","https://www.brildor.com/blog/wp-content/uploads/2014/12/cabecera-como-saber-foto-digital-suficiente-calidad-impresion-1024x581.jpg"
"81","27","4","nombre centro eventos 81","Este es de mis bares confort, el precio está bien, i mean no es wow pero la fiesta la da completamente ","https://www.brildor.com/blog/wp-content/uploads/2014/12/cabecera-como-saber-foto-digital-suficiente-calidad-impresion-1024x581.jpg"
"84","59","4","nombre centro eventos 84","Este es de mis bares confort, el precio está bien, i mean no es wow pero la fiesta la da completamente ","https://www.brildor.com/blog/wp-content/uploads/2014/12/cabecera-como-saber-foto-digital-suficiente-calidad-impresion-1024x581.jpg"
"83","46","2","nombre centro eventos 83","Estos bares son medio malos pero pues si ya estás muy tomado terminas por acá","https://s3.amazonaws.com/cdn.wp.m4ecmx/wp-content/uploads/2019/09/09162546/imagen-vectorial-compressor.jpg"
"86","82","2","nombre centro eventos 86","Estos bares son medio malos pero pues si ya estás muy tomado terminas por acá","https://s3.amazonaws.com/cdn.wp.m4ecmx/wp-content/uploads/2019/09/09162546/imagen-vectorial-compressor.jpg"
"89","98","2","nombre centro eventos 89","Estos bares son medio malos pero pues si ya estás muy tomado terminas por acá","https://s3.amazonaws.com/cdn.wp.m4ecmx/wp-content/uploads/2019/09/09162546/imagen-vectorial-compressor.jpg"
"88","49","4","nombre centro eventos 88","Este es de mis bares confort, el precio está bien, i mean no es wow pero la fiesta la da completamente ","https://www.brildor.com/blog/wp-content/uploads/2014/12/cabecera-como-saber-foto-digital-suficiente-calidad-impresion-1024x581.jpg"
"90","71","4","nombre centro eventos 90","Este es de mis bares confort, el precio está bien, i mean no es wow pero la fiesta la da completamente ","https://www.brildor.com/blog/wp-content/uploads/2014/12/cabecera-como-saber-foto-digital-suficiente-calidad-impresion-1024x581.jpg"
"97","98","4","nombre centro eventos 97","Este es de mis bares confort, el precio está bien, i mean no es wow pero la fiesta la da completamente ","https://www.brildor.com/blog/wp-content/uploads/2014/12/cabecera-como-saber-foto-digital-suficiente-calidad-impresion-1024x581.jpg"
"66","2","4","nombre centro eventos 66","Este es de mis bares confort, el precio está bien, i mean no es wow pero la fiesta la da completamente ","https://www.brildor.com/blog/wp-content/uploads/2014/12/cabecera-como-saber-foto-digital-suficiente-calidad-impresion-1024x581.jpg"
"72","19","1","nombre centro eventos 72","Estos bares son una shit","https://s3.amazonaws.com/cdn.wp.m4ecmx/wp-content/uploads/2019/09/09162546/imagen-vectorial-compressor.jpg"
"78","27","1","nombre centro eventos 78","Estos bares son una shit","https://s3.amazonaws.com/cdn.wp.m4ecmx/wp-content/uploads/2019/09/09162546/imagen-vectorial-compressor.jpg"
"87","100","1","nombre centro eventos 87","Estos bares son una shit","https://s3.amazonaws.com/cdn.wp.m4ecmx/wp-content/uploads/2019/09/09162546/imagen-vectorial-compressor.jpg"
"91","60","1","nombre centro eventos 91","Estos bares son una shit","https://s3.amazonaws.com/cdn.wp.m4ecmx/wp-content/uploads/2019/09/09162546/imagen-vectorial-compressor.jpg"
"4","77","2","nombre centro eventos 4","Estos bares son medio malos pero pues si ya estás muy tomado terminas por acá","https://s3.amazonaws.com/cdn.wp.m4ecmx/wp-content/uploads/2019/09/09162546/imagen-vectorial-compressor.jpg"
"5","28","2","nombre centro eventos 5","Estos bares son medio malos pero pues si ya estás muy tomado terminas por acá","https://s3.amazonaws.com/cdn.wp.m4ecmx/wp-content/uploads/2019/09/09162546/imagen-vectorial-compressor.jpg"
"6","33","2","nombre centro eventos 6","Estos bares son medio malos pero pues si ya estás muy tomado terminas por acá","https://s3.amazonaws.com/cdn.wp.m4ecmx/wp-content/uploads/2019/09/09162546/imagen-vectorial-compressor.jpg"
"7","53","2","nombre centro eventos 7","Estos bares son medio malos pero pues si ya estás muy tomado terminas por acá","https://s3.amazonaws.com/cdn.wp.m4ecmx/wp-content/uploads/2019/09/09162546/imagen-vectorial-compressor.jpg"
"32","64","2","nombre centro eventos 32","Estos bares son medio malos pero pues si ya estás muy tomado terminas por acá","https://s3.amazonaws.com/cdn.wp.m4ecmx/wp-content/uploads/2019/09/09162546/imagen-vectorial-compressor.jpg"
"33","91","2","nombre centro eventos 33","Estos bares son medio malos pero pues si ya estás muy tomado terminas por acá","https://s3.amazonaws.com/cdn.wp.m4ecmx/wp-content/uploads/2019/09/09162546/imagen-vectorial-compressor.jpg"
"37","29","2","nombre centro eventos 37","Estos bares son medio malos pero pues si ya estás muy tomado terminas por acá","https://s3.amazonaws.com/cdn.wp.m4ecmx/wp-content/uploads/2019/09/09162546/imagen-vectorial-compressor.jpg"
"43","44","2","nombre centro eventos 43","Estos bares son medio malos pero pues si ya estás muy tomado terminas por acá","https://s3.amazonaws.com/cdn.wp.m4ecmx/wp-content/uploads/2019/09/09162546/imagen-vectorial-compressor.jpg"
"44","35","2","nombre centro eventos 44","Estos bares son medio malos pero pues si ya estás muy tomado terminas por acá","https://s3.amazonaws.com/cdn.wp.m4ecmx/wp-content/uploads/2019/09/09162546/imagen-vectorial-compressor.jpg"
"48","34","2","nombre centro eventos 48","Estos bares son medio malos pero pues si ya estás muy tomado terminas por acá","https://s3.amazonaws.com/cdn.wp.m4ecmx/wp-content/uploads/2019/09/09162546/imagen-vectorial-compressor.jpg"
"54","14","2","nombre centro eventos 54","Estos bares son medio malos pero pues si ya estás muy tomado terminas por acá","https://s3.amazonaws.com/cdn.wp.m4ecmx/wp-content/uploads/2019/09/09162546/imagen-vectorial-compressor.jpg"
"23","25","3","nombre centro eventos 23","una descripción excelente de como funcionaría, no creo que nada tenga descripción porque cómo se supone que eso se logre?","https://s3.amazonaws.com/cdn.wp.m4ecmx/wp-content/uploads/2019/09/09162546/imagen-vectorial-compressor.jpg"
"25","8","3","nombre centro eventos 25","una descripción excelente de como funcionaría, no creo que nada tenga descripción porque cómo se supone que eso se logre?","https://s3.amazonaws.com/cdn.wp.m4ecmx/wp-content/uploads/2019/09/09162546/imagen-vectorial-compressor.jpg"
"29","100","3","nombre centro eventos 29","una descripción excelente de como funcionaría, no creo que nada tenga descripción porque cómo se supone que eso se logre?","https://s3.amazonaws.com/cdn.wp.m4ecmx/wp-content/uploads/2019/09/09162546/imagen-vectorial-compressor.jpg"
"35","17","3","nombre centro eventos 35","una descripción excelente de como funcionaría, no creo que nada tenga descripción porque cómo se supone que eso se logre?","https://s3.amazonaws.com/cdn.wp.m4ecmx/wp-content/uploads/2019/09/09162546/imagen-vectorial-compressor.jpg"
"36","16","3","nombre centro eventos 36","una descripción excelente de como funcionaría, no creo que nada tenga descripción porque cómo se supone que eso se logre?","https://s3.amazonaws.com/cdn.wp.m4ecmx/wp-content/uploads/2019/09/09162546/imagen-vectorial-compressor.jpg"
"39","66","3","nombre centro eventos 39","una descripción excelente de como funcionaría, no creo que nada tenga descripción porque cómo se supone que eso se logre?","https://s3.amazonaws.com/cdn.wp.m4ecmx/wp-content/uploads/2019/09/09162546/imagen-vectorial-compressor.jpg"
"47","58","3","nombre centro eventos 47","una descripción excelente de como funcionaría, no creo que nada tenga descripción porque cómo se supone que eso se logre?","https://s3.amazonaws.com/cdn.wp.m4ecmx/wp-content/uploads/2019/09/09162546/imagen-vectorial-compressor.jpg"
"49","52","3","nombre centro eventos 49","una descripción excelente de como funcionaría, no creo que nada tenga descripción porque cómo se supone que eso se logre?","https://s3.amazonaws.com/cdn.wp.m4ecmx/wp-content/uploads/2019/09/09162546/imagen-vectorial-compressor.jpg"
"53","50","3","nombre centro eventos 53","una descripción excelente de como funcionaría, no creo que nada tenga descripción porque cómo se supone que eso se logre?","https://s3.amazonaws.com/cdn.wp.m4ecmx/wp-content/uploads/2019/09/09162546/imagen-vectorial-compressor.jpg"
"55","43","3","nombre centro eventos 55","una descripción excelente de como funcionaría, no creo que nada tenga descripción porque cómo se supone que eso se logre?","https://s3.amazonaws.com/cdn.wp.m4ecmx/wp-content/uploads/2019/09/09162546/imagen-vectorial-compressor.jpg"
"26","75","2","nombre centro eventos 26","Estos bares son medio malos pero pues si ya estás muy tomado terminas por acá","https://s3.amazonaws.com/cdn.wp.m4ecmx/wp-content/uploads/2019/09/09162546/imagen-vectorial-compressor.jpg"
"31","25","2","nombre centro eventos 31","Estos bares son medio malos pero pues si ya estás muy tomado terminas por acá","https://s3.amazonaws.com/cdn.wp.m4ecmx/wp-content/uploads/2019/09/09162546/imagen-vectorial-compressor.jpg"
"93","50","2","nombre centro eventos 93","Estos bares son medio malos pero pues si ya estás muy tomado terminas por acá","https://s3.amazonaws.com/cdn.wp.m4ecmx/wp-content/uploads/2019/09/09162546/imagen-vectorial-compressor.jpg"
"96","42","2","nombre centro eventos 96","Estos bares son medio malos pero pues si ya estás muy tomado terminas por acá","https://s3.amazonaws.com/cdn.wp.m4ecmx/wp-content/uploads/2019/09/09162546/imagen-vectorial-compressor.jpg"
"100","47","2","nombre centro eventos 100","Estos bares son medio malos pero pues si ya estás muy tomado terminas por acá","https://s3.amazonaws.com/cdn.wp.m4ecmx/wp-content/uploads/2019/09/09162546/imagen-vectorial-compressor.jpg"
"98","33","5","nombre centro eventos 98","Esta es una rumba buenísmia me encanta, tanto que tiene 5 estrellas una descripción excelente de como funcionaría, no creo que nada tenga descripción porque cómo se supone que eso se logre?","https://support.content.office.net/es-es/media/2c8399b3-5194-4b4a-ad9c-04405673f8c2.jpg"
"99","100","5","nombre centro eventos 99","Esta es una rumba buenísmia me encanta, tanto que tiene 5 estrellas una descripción excelente de como funcionaría, no creo que nada tenga descripción porque cómo se supone que eso se logre?","https://support.content.office.net/es-es/media/2c8399b3-5194-4b4a-ad9c-04405673f8c2.jpg"